bookId,gsiId,gsiName,cuNames
4617660863,4734178155,Organizational security,"['OS ID', 'Organizational security', 'Send Email Reserved CU', 'search audit plan 900 0706', 'HTML OS AUDITOR', 'HTML OS AUDITEE', 'Osdatabae', 'search spoc details', 'HTML CU OS']"
1633424829,-356392358,Allocate Inspector for Inspection,"['Enter Inspection Request ID', 'Search Storage Details', 'Allocate inspector', 'Generate Internal Movement Request', 'Generate Inspection  Internal Movement request email content', 'Enter Notification input for inspection allocation', 'Select Movement Requirement', 'Send Email Reserved CU', 'Enter Notification input for inspection movement', 'Send Push Notification Reserved CU', 'Generate Internal MovementRequest ID', 'Generate Inspection Allocation request email content', 'No Material Movement']"
348958343480,1716065477504,Movie Review App,"['Your Updated Movie Reviews', 'Read Movie Reviews', 'MR1', 'search reserved cu', 'User Sign Up Movie Review', 'Find Your Review Log', 'User Login Page Movie Review', 'RMR3', 'Your Review Log', 'View User Profile Movie Review', 'Movie Review Home Page', 'Write your movie review', 'RMR1', 'Welcome to Movie Review Page', 'User Log In Movie Review', 'LMR1', 'update reserved cu']"
1981736914,257826281,Customer Insurance Policy Cancellation,"['Self Submit', 'CCE Assistance', 'Customer User Details', 'request Confirmation', 'Cancellation Mode', 'Login Page']"
-2086293921,5540295638,Guess the Logo,"['Searchbrandanswer', 'searchs', 'Score calculation', 'search5v1', 'brand search match2', 'Intermediate Level', 'search brand answer', 'brandsearch7', 'displaybeginnerresult', 'Display My Score', 'band searchmatch3', 'Intermediate Quiz', 'Quiz Mode', 'DisplayScore', 'Welcome to Quiz ', 'Beginner level', 'Register Student', 'calculate my score', 'Search brandanswer', 'SearchBrandAnswer', 'Login ', 'Score Calculation for Intermediate level', 'brand searchmatch6', 'searchbrandasnwer']"
-2086293921,6018579171,My Atlas,"['Select The Planet You want to Learn ', 'Choose the Stars you want to know about', 'Login ', 'Welcome to Astronomy', 'Student Database', 'Select What You want to learn']"
5387065718,3467702196,Trip Planner,"['Hotel_Payment', 'Storetraveldetails', 'Searchflightdetails', 'Thankyou page', 'Displaytravelvideo', 'Travel_Search', 'PDFreport', 'Carbookingconfirmation', 'Displaycardetails', 'Searchcarmachine', 'Get instamojo payment details Reserved CU', 'machineentity', 'Searchtraveldetails', 'machinesearchflight', 'TT1', 'machinemethod1905', 'Searchtravelvideo', 'Emaildetails', 'TT', 'testShow1105', 'Send Email Reserved CU', 'Car_payment', 'Travel_details', 'displaytraveldetails', 'NSL DateTime Functions', 'Flight_payment', 'Displayflightdetails', 'SearchcarDetails', 'TestURL', 'Select_transportation', 'onlinepayment1105', 'Login CU', 'Reportgeneration', 'Travel_display', 'flightbookingconfirmation', 'Totalamountpayable']"
1860005524710,1247237214501,Volume Calculator,"['Mac VS CU3', 'Volume Calculator CU', 'View Volume Of Cone', 'Mac VC CU1', 'Mac Vcone CU2', 'Mac VS CU1', 'Volume Of Cone', 'View Volume Of Cube', 'Mac Vcone CU1', 'View Volume Of Cylinder', 'NSL Decimal Number Functions', 'View Volume Of Sphere', 'Volume Of Cylinder', 'Mac Vcylinder CU2', 'Mac Vcylinder CU1', 'Mac VS CU2', 'Volume Of Cuboid', 'Mac VC CU2', 'Volume Of Sphere', 'View Volume Of Cuboid CU', 'Volume Of Cube']"
4617660863,3692937222,Spoc assigning process by Auditee Head,"['Update assigning status', 'Select Specific Plan to Assign', 'Search Backend AH role', 'Enter AH Credentials', 'Count of Assigned plans', 'Count of Not Assigned plans', 'Department selects action', 'DS1', 'Generate HTML AH Table', 'Search Approved List of Plans', 'DS2', 'Count of Approved Audit Plans', 'Default Pass Value 4', 'Assigning spoc to plan', 'View AH KPI table', 'Derive Percentage AH', 'Cumulate Counts', 'Default Pass Value 6', 'Store Assigning Data', 'Inputs for AH Aggregation', 'Default Pass Value 5', 'SearchplanbyID', 'HTMLAuditeeheadKPI', 'Basic Pass Data']"
6374866311,596296447626,Quiz Master,"['DisplayBadgeForScore', 'DisplayLeaderBoardNew', 'passdataforscore', 'CNA2', 'CNA1', 'search reserved cu', 'Choose Next Action', 'PickCriterias', 'create reserved cu', 'Userid_generator', 'Log_in']"
3579802387,4937517039,Generate Pin,"['OTP Message Generation For Pin Generation', 'Please Enter OTP', 'NSL_smsReservedCu', 'Verify OTP', 'OTP Generation', 'Incorrect OTP', 'Correct OTP']"
5387065718,2948526475,Mind Help V1,"['Confirmpayment', 'Get instamojo payment details Reserved CU', 'Welcome user', 'bookingconfirm', 'Pincode and Specialisation ', 'Showurl', 'proceedtopayment', 'Selfhelp', 'Send Email Reserved CU', 'Consultation details ', 'Getpaymentdetails', 'Register Student', 'Displaydoc', 'Search Docid', 'Consultation ', 'appointmentdetails', 'Login ', 'Display consultant details', 'Self Help Videos', 'SendConfirmation', 'Patientdetails']"
3802653103,2750882463,Be Safe ,"['DailyTravels', 'Display', 'StaticInformation', 'PostTravelDetails', 'Welcome ', 'NSL_smsReservedCu', 'Post travel', 'Register information', 'Select your next step', 'Alert sms', 'Post travel display ', 'Static info', 'dailytravelsdisplay', 'Post travel search', 'Login ', 'daily travels search ', 'NSL String Functions', 'DailyTravelDetails']"
4617660863,1052761986287,Calculation of expenses,"['NSL DateTime Functions', 'search reserved cu', 'Choose Role2', 'Addition cu', 'display', 'total cost', 'Choose Role', 'Choose Role3', 'days calculation', 'Choose Role1', 'Days Difference', 'summing total cost', 'Machinereserve']"
-2086293921,2943141541,Progress Report,"['Teacher Login', 'Generate Reportcard', 'Search Class', 'Display Student Gradesheet', 'Report Card', 'Display Reportcard']"
3684685582,2195668117,Track your diet plans,"['View Diet Log', 'TD1', 'Diet Plan Home Page', 'Log Your Daily Meal', 'Search diet Log']"
677977564,24828015,Accounting for Share Application Refund,"['Create Credit Accounting Entry', 'Search Chart of Accounts', 'Create Debit Accounting Entry', 'Search Share application Refund Id']"
4617660863,1774467542948,AUDIT WEBEX MEETING,"['HTML Trigger 2', 'NSL HTML Template', 'Choose type of Audit head', 'Auditee SPOC', 'Dummyno', 'Auditee head option', 'Capture Minute 03', 'Webex ADO', 'Audit director', 'ID 3', 'MailtoAD01', 'Webex AS', 'search reserved cu', 'Webex AD', 'Loading webex Reserved CU', 'create reserved cu', 'HTML_1', 'Send Email Reserved CU']"
4617660863,6111070871,Audit Plan Approval by Director,"['Default value pass', 'Search Specific Audit Plan', 'default pass 3', 'Verify Database Credentials', 'Take action on the plan', 'R1', 'Select ID for Approval', 'HTML percentage backend 1', 'Audit Director login', 'Generate Not Approved Count', 'Inputs for Director Dashboard', 'Choose Further Action', 'Generate SFA Count', 'Calculate Parameters backend', 'Search Backend Pending plans', 'View Directors Dashboard', 'Generate Approved Count', 'R2', 'default pass 2', 'Inputsforaggmach', 'Search Org Database', 'Generate Directors Dashboard', 'Extract Percentage', 'Store data for Aggregation']"
3751601345,4012168438,Audit Plans Details Initiation 2804,"['Audit Planning 2804', 'HTML 2804 template', 'Auto Audit ID ', 'Send Email Reserved CU', 'Html cu2804']"
3579802387,2846697765,Write recipe,"['View written Down recipe', 'View written recipe', 'Search Written Recipe_v1', 'Write down Recipe_v1']"
4925748752,2589570343,NSL Policy Quote Management,"['Automated Processing Path', 'Best Online Way To Know Your Premium', 'Manual UW Path', 'Welcome to Brane Insurance', 'MacMM1', 'New user Access Mode', 'Non acceptance CU', 'Enrollment Initiation', 'Premium Based On Your Profile', 'Insurance_Analytics_Response_New', 'Health_Insurance_Inputs', 'Insurance Assist', 'Existing Customer Access Mode', 'User Access Path', 'MacMM2', 'search reserved cu', 'Rejected Path', 'View Customer Details']"
-2086293921,5756773585,Brand Zoo,"['brandsearch5', 'Intermediate Level', 'brand search match2', 'Show my score', 'displaybeginnerresult', 'brandsearch7', 'Student Database', 'Calculate Score', 'Quiz Mode', 'Welcome to Quiz ', 'Beginner level', 'calculate my score', 'Login ', 'brand searchmatch6', 'band searchmatch3']"
-644060957,1911427966,CUstomerREinstatement,"['Payment by credit card_', 'NSL_emailReservedCu', 'NSL_smsReservedCu', 'Payment by debit card_']"
5387065718,2742565349,My Residency Management,"['LoginAs', 'AdminLogin', 'SendCirculars', 'ChooseActionToPerform', 'UserLogin', 'Register Student', 'UpdateDetails', 'GenerateVisitorId', 'SearchResident', 'UpdateResidentData', 'UpdateMaintenenceDetails', 'Login ', 'UpdateVisitorsInformation']"
4617660863,1542378960265,NewrejectGsi,"['search reserved cu', 'Send Email Reserved CU', 'Basic Html for dar', 'Draft AR Approval', 'Display resp', 'Reject cu', 'NSL HTML Template']"
677977564,1692878738,Accounting for Share allocation,"['Search Chart of Accounts', 'Create Debit Accounting Entry', 'Search Share Allotment Id', 'Create Credit Accounting Entry']"
-1430105756,649217459,customerportal_view,"['Customer Menu Options', 'Auto Pay Registration', 'Customer Accessing Portal', 'CustomerHelpDesk_', 'Select payment Method', 'Booking confirmation through sms', 'Customer Pays Premium', 'ProvidingServicesToCustomer', 'Customer Buys Quote', 'CustomerProfile_', 'Intiatecallback_', 'NSL_smsReservedCu']"
4617660863,1659406961048,Approve Organizational Security,"['Approve organizational security', 'Search OS Database', 'Approve OS DATABASE', 'Send Email Reserved CU', 'search audit plan 900 0706', 'Approve OS ID', 'HTML AOS CU', 'HTML AUDIT DIRECTOR AOS', 'HTML AUDITOR AOS']"
-2086293921,3619608120,Save the Environment,"['Recycle', 'Login ', 'Reuse Reduce and Recycle', 'Plants and Trees', 'ChapterOne', 'Reuse', 'Welcome Student', 'ChooseLearning', 'Reduce', 'ChapterTwo', 'ChapterThree']"
1099874251842,1099977760851,Checklist Payables,"['storemasterentity_AM', 'Checklist Payables_AM', 'createchecklistP_AM', 'search reserved cu']"
1099874251842,2114979752020,GRC Aggregation Dashboards,"['Aggregate Reserved CU', 'html backend IC', 'NSL HTML Template', 'Add up Scores and Percent extract', 'CAD1', 'Display Overall Dashboard', 'inputs for ADagg', 'ID2', 'CAD3', 'ID3', 'CAD2', 'ID1', 'Choose_AD']"
-1560122000,-255821150,CustomerPolicyCancellation,"['customerlibrary2', 'Cancellationsubmission', 'mac_act', 'CCEsupportforcancellation', 'Cancelinitiation1', 'NSL_emailReservedCu', 'Requestonhold', 'CSRsupport']"
403540004932,62444412521,New Carrier Master,"['Search Vendor Name', 'Carrier Registration SMS Notification Input', 'Add More Carrier', 'Proceed Search With VendorId', 'SearchVendor', 'Send Email Reserved CU', 'Search Vendor Id', 'Recording New Carrier Details', 'Send sms Reserved CU', 'search reserved cu', 'View Vendor Master', 'Carrier Registration Email Notification Input']"
1704923815,6090259948,Health Insurance Policy Quote GSI,"['Get instamojo payment details Reserved CU', 'GST CU3', 'Display payment path', 'Purchase channel info', 'Purchase summary', 'Coverage Selection', 'User access', 'Policy purchase', 'Nominee submission', 'New user access', 'GST CU2', 'Check your BMI', 'NSL_PancardReservedCU', 'Macbmi1', 'Pend enrollment', 'Policy doc issuance', 'Reconfirm the details for product recommendations', 'view Premium Summary', 'GST CU1', 'Submit enrollment', 'Macbmi2', 'KYC submission and verification', 'New enrollment', 'NSL_AadharCardReservedCU', 'Policy doc generation', 'Policy doc initiation', 'Your health ID card', 'Proposer info', 'BMI Evaluation', 'Existing customer access', 'Health card details', 'Health ID card generator', 'Your eKYC']"
4617660863,1587291239775,Resolve and Issue and CAPA,"['Search Public Procurement Checklist', 'Send Email Reserved CU', 'Connector HTML CU', 'Resolve IC for public procurement procedure', 'HTML RAICENT', 'ID for resolve issue and capa', 'Resolve database IC', 'search spoc details', 'HTML REICENT', 'search audit plan 900 0706']"
-2086293921,3214645825,Ambulancebuzz,"['DriverLogin', 'EmergencyInfo', 'UpdateLocation', 'Am2', 'DriversLogin', 'Am1', 'DriversProfile', 'ChooseNextAction', 'Am3', 'ReachedDestination']"
2908930494,5901710835,Pyra_Employee,"['DiaryThankyou', 'Dashboard', 'PyraLogin', 'PyraAutoID', 'AddSuggestions']"
5387065718,2679805280,My Colony Management,"['LoginAs', 'AdminLogin', 'SendCirculars', 'ChooseActionToPerform', 'UserLogin', 'SearchResident', 'UpdateDetails', 'Generate Vendor Id', 'UpdateMaintenenceDetails', 'InputData', 'UpdateVisitorsInformation', 'Login ', 'UpdateResidentData']"
6374866311,1124093094000,Quiz Embedded Module Version Two,"['INA2', 'Machine Summation', 'SPD2', 'Search Attribute', 'StoreAggregationInputs', 'SPD1', 'SAG2', 'Add up Bonus Score', 'search reserved cu', 'Input the method name CU', 'SPDA2', 'Input Parameters for Negative Aggregation', 'update reserved cu', 'INA1', 'Input Parameters for Normal Aggregation', 'Aggregate Reserved CU', 'Choose Criterias for Quiz', 'Score Pattern Deviation', 'Store data for the final aggregation', 'NSL String Functions', 'SPDA1', 'SAG1', 'Question Display Machine CU', 'Storefinalquizscoredata']"
756132957,4986022836,Order Fulfillment Process,"['Enter Sales Order Dispatch Request', 'CheckDeliveryType', 'SearchStoragedetailsToFulfill', 'AddingProductToDispatchList', 'Enter Within State Tax details', 'SearchProductDetails', 'Display Order Details', 'DisplayAvailableGoodsDetails', 'Update Goods Status', 'Enter Out of State Tax details', 'ChangeStatusToReserved', 'GenerateSalesOrderDispatchRequest', 'FurtherFulfillmentSelection', 'SearchStorageDetailsToUpdate', 'SearchUnitPrice']"
6374866311,1554082431395,Quiz Template New,"['My Login', 'create reserved cu', 'Generate New User ID For Quiz', 'Select Quiz Category']"
4617660863,5774432457,Public Procurement procedure,"['ID Generator 900 01', 'Issue And CAPA for Public Procurement Procedure', 'search spoc details', 'HTML PPP IC 02', 'Connector HTML CU 01', 'Database of PPP IC', 'HTML PPP IC 01', 'Send Email Reserved CU', 'search audit plan 900 0706']"
348958343480,576132830205,Movie Review App Admin,"['View updated movie DB', 'MRA1', 'search reserved cu', 'Admin Homepage Movie Review', 'Movie DB', 'Reviewed Movie DB', 'update reserved cu']"
-2086293921,5705020710,To Do List,"['Welcome user', 'Search Rollno', 'ViewInfo', 'Tasks', 'Searchsub', 'Select Login', 'Student login', 'Assign Task', 'View till date task', 'Displaytask', 'Students Info', 'Login as Teacher', 'Viewtask', 'View Assigned Task', 'Teacher login', 'Set Reminder ']"
2901311076,6164513097,AppetasTemplate,"['AppetasContact', 'AppetasAbout', 'AppetasMenu', 'HomeAppetas', 'AppetasGallery']"
6374866311,629087026516,Quiz Master Alpha,"['Action_Quiz', 'LoginQuiz', 'Action1', 'SelectCriteriasQuiz', 'DisplayQuizResult', 'Action2', 'DisplayLeaderboard', 'CreateQuizUserID', 'search reserved cu', 'StoreQuizIDandScore', 'create reserved cu', 'DisplayFinal0809']"
4872940652,5024634606,Create Parent org,"['Org Structure Status', 'Org structure Data Capture', 'EmailContentAuto', 'Display Org ID', 'Enter Audit team Details', 'Send Email Reserved CU', 'Enter Parent Org Details', 'StatusApprovalAuto', 'Create Org ID']"
1633424829,5662128905,Cancel a Sales  Order,"['Enter the Sales Order Cancelling Details', 'Generate Sales Order Cancellation request email content', 'Send Push Notification Reserved CU', 'Update Sales Order Status to Cancel', 'Generate Sales Order Cancellation Request ID', 'email notification for approval and reject', 'Act on Sales Order Cancellation on hold or closing Approval', 'Enter SalesOrderNumber', 'Proceed Directly to Mail', 'Enter Email notification input for sales order cancellation', 'Proceed to Record Details', 'Send Email Reserved CU', 'Update Sales Order Status', 'Generate Sales Order cancellation Approval action email content', 'Enter email and notification for sales order cancellation']"
1633424829,-784913446,Inspect Goods,"['Enter Inspection Request ID', 'Generate Inspection Report email content', 'Register Post Inspection Details', 'Enter notification input for inspection report', 'Send Email Reserved CU', 'Send Push Notification Reserved CU', 'Generate InspectionReport ID', 'Enter Inspection Report Details']"
3043381987,3090076711,Pend Enrollment Access,"['Health arena details to customer', 'NSL_emailReservedCu', 'Accessing Visitor Details', 'Quote Proposal Non Acceptance Path', 'Quote Proposal Acceptance Path', 'Visitor Details Display']"
-1560122000,-848869326,HI_CustomerPolicyCancellation,"['Cancellationsubmission', 'mac_act', 'CCEsupportforcancellation', 'Cancelinitiation1', 'NSL_emailReservedCu', 'Requestonhold', 'CSRsupport']"
296576707,3549554385,Book A Doctors Appointment,"['Make Credit Card Payment', 'Select Payment Mode', 'Make Net Banking Payment', 'Request a New Appointment', 'Make Debit Card Payment', 'Register Patient']"
1704923815,962215405,Premium Metric Aggregation GSI,"['First Aggregation Output', 'Second Aggregation Output', 'Input Aggregation1', 'First Aggregation', 'Input Aggregation2', 'Second Aggregation']"
296576707,4761507663,Order Product,"['Make Credit Card Payment', 'Register  Customer', 'Generate Transaction Details', 'Select Payment Mode', 'Make Net Banking Payment', 'Select Product', 'Select Delivery Address', 'Send sms Reserved CU', 'Input for Order Confirmation']"
4872940652,3800241350,Onboard Customer and Property Details,"['Payment Confirmation Page ', 'Payment Landing Page', 'CreateOwnerID', 'Tell us a bit more', 'List your property', 'Purchase Premium Plan', 'Add Pricing Details', 'Welcome to NSL Real Estate', 'Thank you for listing with us', 'To continue please select', 'Note your Customer ID', 'Provide your property details', 'Where is the property Located', 'Select Listing Options', 'Select Property Category', 'Note your Property ID', 'CreateUniquePropertyID', 'Floor and other Details', 'Payment Details', 'CreatePropertyDatalist', 'Property Listing', 'Update my property details', 'Get instamojo payment details Reserved CU', 'How can we help', 'Tell us your requirement']"
1860005524710,1131861555585,Find Your Age GSI,"['NSL DateTime Functions', 'View Your Age', 'Mac Age CU1', 'Select Your Age']"
-2090381386,6269875024,Modify Machine Details,"['search reserved cu', 'Generate Revision Number', 'Modify Machine Details', 'Select Machine Search Creteria']"
903612356092,613440194558,Generate qrcode8921,"['Get code details8921', 'NSL_GenerateQRCode', 'NSL String Functions', 'CU details8921', 'Getdetails8921']"
3043381987,5697650702,Health Zone,"['Give us few more health details', 'Macbookdetails', 'NSL_emailReservedCu', 'Booking Confirmation Details', 'Online appointment booking', 'Health Zone Search CU', 'Your database details', 'Health History', 'Booking details to customer', 'Macslotupdate']"
-2090381386,6177209280,New User,"['Enter User Details', 'Show User Details', 'create reserved cu', 'Send Push Notification Reserved CU']"
237829863552,550914788862,Women Safety ,"['StaticInformation', 'Register Personal Information ', 'Welcome ', 'NSL_smsReservedCu', 'Post travel', 'Select your next step', 'Post travel display ', 'Alert sms', 'Static info', 'dailytravelsdisplay', 'Dailytravels', 'Login ', 'Post travel search', 'Post travel details', 'daily travels search ', 'DailyTravels']"
1981736914,-57936044,PolicyRewriteV6,"['CCE Sends Payment Detail To Customer_2', 'Debit Card Payments_2', 'NSL_smsReservedCu', 'Rewrite Intiation_2', 'CCE receives request from customer_2', 'NSL_emailReservedCu', 'Send whatsapp message Reserved CU', 'Sms Confirmation After Payment_2', 'Customer Makes Payment_2']"
2934325170,2668982351,Scheduling Production,"['NSL HTML Template', 'Enter Production ID', 'Display Machine Availability', 'search reserved cu']"
3043381987,3109152342,NSL Health Insurance Quote Management,"['GST value capture', 'KYC submission and verification', 'Customer ID generation', 'Visitor DCU', 'Customer Experience CU', 'Customer details confirmation', 'Issuance initiation', 'Here is your premium', 'Generating Receipt ID', 'BMI Evaluation', 'ID Initiation', 'Let us know your ask', 'Your eKYC', 'Display payment path', 'Purchase summary', 'User access', 'Customer Receipt Initiation', 'Send whatsapp message Reserved CU', 'Check your BMI', 'NSL_PancardReservedCU', 'QR Code Cu3', 'Pend the enrollment', 'Enrollee details', 'NSL_GenerateQRCode', 'We heard you', 'Beneficiary Details Capture', 'Enrollment process', 'Issuance of receipt', 'Macbmi2', 'NSL String Functions', 'NSL_AadharCardReservedCU', 'VID', 'Your Health Insurance ID Card', 'Premium Receipt ID', 'Receipt Generation', 'QR Code CU2', 'Health Insurance ID Generation', 'Policy ID Generation', 'Share Your Experience Please', 'The Purchase Channel Declaration', 'Get instamojo payment details Reserved CU', 'View policy issuance document', 'Recommendations for you', 'View Policy ID', 'NSL_emailReservedCu', 'Policy purchase', 'Confirm the plan', 'Access for new user', 'Generation of policy issuance document', 'Send Push Notification Reserved CU', 'Explore Products', 'SupushCU', 'Access for existing customer', 'View Customer ID', 'QR Code CU1', 'Visit ID Details', 'GST Application']"
5387065718,3530461976,My Gsi,"['My brand', 'searchByBrand', 'searchByName', 'YourProducts', 'searchByDiscount', 'GenerateID', 'ChooseSearchBy']"
1440882322569,825793094773,Maid Services,"['URL 2994', 'Get instamojo payment details Reserved CU', 'CheckOut', 'Checkout ', 'Service Type', 'show 2994', 'User Select Service']"
1860005524710,32165389420,Area Of Square Plot GSI,"['Mac AOS CU', 'View Area Of Square Plot CU', 'Area Of Square Plot CU', 'NSL Decimal Number Functions']"
1183218792,194094519,Automated email generation FE504,"['Get Donor Details FE504', 'Get instamojo payment details Reserved CU', 'Payment confirmation FE504', 'Show Payment FE504']"
4872940652,5407799099,Update Assigned Checklist Status,"['Search Assigned Checklist', 'SearchChecklistMCU', 'Display My checklists', 'Select Checklist to Update', 'create reserved cu', 'MCUEmailtoAuditManager', 'update checklist assign', 'Send Email Reserved CU', 'ConsolidationMCUChecklist', 'Enter Checklist Info', 'UpdateMCUChecklist', 'Update Another Checklist']"
-664438305,-1784540730,NBS022_1,"['Tol Amt Cal', 'Qty Cal', 'Raise_PR', 'In Qty Cal', 'In total tax', 'In total amt']"
4836697387,5606537585,Alt_rec_create_search_email_practice_ak,"['Buyer page01_practice_ak', 'Seller page_practice_ak', 'View Seller products_practice_ak', 'buyer_seller_practice_ak', 'View Buyer products_practice_ak']"
4872940652,5248320992,Estimate Rent ,"['SearchAgePrice', 'Rent Estimate', 'Total up index MCU', 'consolidate price indexMCU', 'search reserved cu', 'SearchBasePriceCity', 'SearchResPrice', 'SearchParkingPrice', 'SearchFurnishingPrice', 'Enter Property Details']"
1860005524710,591408572068,Certificate of Deposit Calculator,"['Certificate Of Deposit CU', 'NSL Decimal Number Functions', 'Mac CD CU1', 'Mac CD CU2', 'Mac CD CU3', 'Mac CD CU4', 'View Certificate Of Deposit']"
1842049207677,5982510119,Volunteer Tracker,"['View activity_VT', 'search activity_VT', 'User Login Search_VT', 'VT2', 'VT1', 'Homepage_VT', 'User login View_VT', 'Volunteer activity DB']"
1981736914,-641625059,Health Insurance Policy Rewrite,"['CCE Sends Payment Detail To Customer_2', 'Debit Card Payments_2', 'NSL_smsReservedCu', 'Rewrite Intiation_2', 'CCE receives request from customer_2', 'NSL_emailReservedCu', 'Send whatsapp message Reserved CU', 'Sms Confirmation After Payment_2', 'Customer Makes Payment_2']"
6027559435,2743981748,Innovation Hub,"['Existing_User Login', 'Send Reg Mail', 'search reserved cu', 'IH6', 'View Your Ideations', 'IH', 'Innovation Hub User Page', 'Search your Idea Log', 'Send Email Reserved CU', 'View User Profile', 'View Innovation Idea', 'View Your Idea Log', 'Here You go', 'User Login', 'Find What Companies are looking for', 'Share your Innovation Idea', 'Post Ideation Question Corporates', 'U1', 'Create User Profile', 'Innovation Hub Home Page', 'Search Ideation Question Corporates']"
4617660863,412430503213,New Approve GSI,"['Approve cu', 'NSL Template Report', 'Show response', 'search reserved cu', 'Pdf prep', 'Display rep', 'Basic HTML', 'NSL HTML Template', 'Search audit plan', 'Send Email Reserved CU', 'DAR Approval']"
4617660863,3761449201,Public Procurement Procedure Checklist Approval By AD,"['Search PPP Issue and CAPA database', 'HTMLAPPPDIRECTOR', 'Send Email Reserved CU', 'Search PPP Resolve Database', 'search audit plan 900 0706', 'HTMLDPPPAUDITOR', 'Final Approval of Public Procurement Procedure Checklist', 'PPP Disapprove Scenario', 'Search Approval Public Procurement Procedure', 'PPP Approve Scenario', 'HTMLAPPPAUDITOR', 'HTMLDPPPDIRECTOR']"
-644060957,1300731902,customerreinstatement,"['NSL_emailReservedCu', 'Payment by debit card_', 'NSL_smsReservedCu', 'Payment by credit card_']"
-2086293921,2196430717,Librarymanagement,"['Student Login', 'RaiseBorrowRequest', 'Book Search', 'SearchForaBook', 'AddStudent', 'TypeSelection', 'SelectionType', 'SendBookRequestNotification', 'UpdateStatusofBorrowRequest', 'UpdatingBorrowRequest', 'Add Books', 'SendStatusNotificationtoStudent', 'Send Email Reserved CU', 'RaisingBookRequest', 'ViewDetailsOfBook']"
1981736914,-1369287680,Customer Health Insurance Policy Cancellation,"['Self Submit', 'CCE Assistance', 'Cancellation Mode', 'request Confirmation', 'Login Page', 'Customer User Details']"
4617660863,5579885266,Audit Director Approval for Checklists,"['Select Checklist for Approval', 'Enter Approve ID', 'PPP Alternate path', 'OS Alternate path']"
1704923815,2891083433,Health Insurance Quote Management Process,"['GST CU3', 'Your eKYC', 'Display payment path', 'Purchase channel info', 'Coverage Selection', 'Purchase summary', 'Policy purchase', 'Nominee submission', 'New user access', 'GST CU2', 'Check your BMI', 'NSL_PancardReservedCU', 'Macbmi1', 'NSL DateTime Functions', 'Pend enrollment', 'Reconfirm the details for product recommendations', 'GST CU1', 'Submit enrollment', 'Customer age confirmation', 'Generation of policy document', 'Macbmi2', 'KYC submission and verification', 'NSL_AadharCardReservedCU', 'Mac age calculation', 'Policy doc initiation', 'Your health ID card', 'BMI Evaluation', 'Health ID card generator', 'Health card details', 'Get instamojo payment details Reserved CU']"
-235533008,5393765330,Approve Investments Valuation,"['Check Diminution type', 'Trigger Accounting Entry', 'Approve Investment Valuation', 'End solution', 'Search Valuation Transaction Id']"
3125497293,2254713042,Nutritional goals,"['Ideal Meal Chart ', 'BMR Male Cal', 'BMI Cal', 'Register Student', 'BMR ', 'Welcome user', 'BMR Female Cal', 'Login ', 'BMR Male', 'User details', 'BMR Female', 'BMI']"
4970787530,3547738946,NSlhub Invite,"['Babyshowercards', 'Weddingcards', 'Birthdaycards', 'onlinepayment1105', 'Regularweddingcard', 'seasonsgreetingspdf', 'TestURL', 'Thankyoucards', 'CG1', 'N2', 'Regularthankyoucard', 'Addimagethankyoucard', 'TC3', 'Addimagepdf', 'testpdf0406', 'Send Email Reserved CU', 'SG1', 'BD1', 'Selectcardtype', 'imagebirthdatcard', 'regularthankyou', 'Premiumthankyoucard', 'CG2', 'SG3', 'TC1', 'Get instamojo payment details Reserved CU', 'Addimagecgcard', 'Addimageweddingcard', 'BD3', 'thankyoupremiumcard', 'N4', 'premiumcgpdf', 'Premiumweddingcard', 'Addimagebirthdaycard', 'AddimageSGcard', 'N5', 'Regularbirthdaycard', 'premiumcgcard', 'Regularpdf', 'Basic0406', 'CG3', 'Regularcgcard', 'N1', 'TC2', 'regularweddingpdf', 'Seasonsgreetingcards', 'WC2', 'Premiumbirthdaycards', 'premiumweddingcard', 'BD2', 'Show_details', 'Premiumbirthdaycard', 'WC1', 'SG2', 'birthday_regular_card', 'WC3', 'regularsgcard', 'emailtemplateinvite', 'Regularcongratulationscard', 'N6', 'N3', 'thankyouimagecard', 'Enter Login Credentials', 'Congratulationscards', 'templatepricedisplayv2']"
-2086293921,4037041867,States and Capitals v1,"['Login ', 'Ready for Quiz', 'Wish to Take Quiz', 'Learn State and Capitals', 'Choose ActionV1', 'Displayv1', 'Exit', 'Select State ', 'Take Quiz']"
4872940652,6172562065,Assign Audit Checklist,"['DisplayChecklists', 'SearchUnassignedChecklist', 'SearchAuditPlanDetails', 'Enter Audit ID']"
1374883019097,280880600660,Dog Walking,"['show 2994', 'Get instamojo payment details Reserved CU', 'Home Page Dog Walking', 'URL 2994', 'View Walker', 'Customer Check Out', 'Search Walker', 'Customer Check Out View', 'Enter Details']"
-57925665,-2127292006,Logic GSI for appointment 3,"['NSL String Functions', 'SearchBookings', 'DisplayStatus', 'supportingunit']"
-2086293921,5115651856,FIRST AID MANAGEMENT,"['Proceed to Solution', 'Search First aid', 'Show Near Ambulance ', 'Generate HTML', 'Search Ambulance', 'Medical Dictionary', 'Take Step', 'What is the condition of patient', 'Helping Hands', 'Show First aid ', 'Choose Action', 'Access My Dictionary', 'Login ', 'Exit from Solution', 'Learn About First Aid']"
-2086293921,5436486734,Connecting Mentors,"['Generate ID Card', 'Look for your Mentor', 'Please select your preferred subject', 'Search Your Mentor', 'Go on with the execution', 'Student Admission Card', 'Send Email Reserved CU', 'Find your Mentor ', 'Welcome page ', 'Update Mentor List', 'Information of Enrolled Students', 'Student Directory', 'Add to your Mentor list', 'Student Login Details']"
1981736914,-2022894095,customer_rewrite,"['CCE Sends Payment Detail To Customer_2', 'Debit Card Payments_2', 'NSL_smsReservedCu', 'Rewrite Intiation_2', 'CCE receives request from customer_2', 'NSL_emailReservedCu', 'Send whatsapp message Reserved CU', 'Sms Confirmation After Payment_2', 'Customer Makes Payment_2']"
2636028083,332731635763,Minutes Of the Meeting,"['Review your Mail', 'View recorded MOM', 'MOM2', 'Search MOM', 'Home Page Minutes Of the Meeting', 'Do you want to mail the MOM', 'MOM3', 'MOM1', 'Send Email Reserved CU', 'Minutes Of the Meeting']"
3185258540,5515963770,Reinstatement Solution,"['Transaction for reinstatement', 'RCU for Insuree details', 'Display Reinstatement PDF', 'Payment URL 0305', 'Final Transaction Summary', 'Search for an Insuree', 'Reinstatement policy details', 'Get instamojo payment details Reserved CU', 'Insuree PDF Details']"
4928333187,1309438553426,Habit Tracker,"['HomePage_HT', 'HT2', 'After Log in Home Page_HT', 'HT1', 'Habit Profile_DB_v2']"
4734395989,2292418375,Diabetes Tracker,"['Blood Sugar Medical History', 'View Blood Glucose History', 'Thank You', 'DT1', 'Welcome to Diabetes Tracker', 'Blood Glucose', 'Search Blood Glucose', 'View Medical History', 'Search Medical History']"
2908930494,5949409602,Pyra_Reward,"['PyraNoTemplate', 'Show 2104', 'Send Email Reserved CU', 'ViewResponse', 'PyraPdfLink', 'Get instamojo payment details Reserved CU', 'PyraInstamojo', 'PyraPdfYes', 'PyraTemplateTemplate', 'MachineNo', 'URL 2104', 'MachineYes', 'RewardSuggestionSearch', 'ViewSuggestions', 'SearchSuggestions', 'DiaryThankyou', 'PyraLogin', 'SearchResponse', 'EmailTemplate']"
4617660863,2908029675,Audit Plan Approval by Audit Director,"['Send sms Reserved CU', 'Generate SFA Count', 'Pushnotification Backend 5', 'View Directors Dashboard', 'Search Backend Pending plans', 'Inputsforaggmach', 'Search Org Database', 'HTML backend 14', 'Generate rejection mail to auditor', 'SDA1', 'SMS Backend 10', 'Send Email Reserved CU', 'generate mail to auditor', 'Search auditor info', 'Send Push Notification Reserved CU', 'Extract auditee head contact', 'HTML Backend 18', 'default pass 3', 'Verify Database Credentials', 'Audit Director login', 'Generate Not Approved Count', 'Select ID for Approval', 'HTML percentage backend 1', 'SMS Backend 11', 'Update Plan status to approved', 'Inputs for Director Dashboard', 'R2', 'Pushnotification backend 33', 'Calculate Parameters backend', 'Generate Approved Count', 'Extract auditor info', 'default pass 2', 'Store data for Aggregation', 'Extract Percentage', 'Pushnotification Backend 4', 'Generate Directors Dashboard', 'SDA2', 'Generate approved status mail to AH', 'Default value pass', 'Search Specific Audit Plan', 'HTML Backend 16', 'Take action on the plan', 'R1', 'Choose Further Action', 'SMS backend 12']"
1869112909622,246101519525,Payment gateway 922,"['payment summary 922', 'select payment 922', 'card payment 922', 'cash payment 922']"
3182492403,1360572776017,Covid Relief App,"['Send Email Reserved CU', 'View User Profile', 'Covid Relief Home Page', 'Information Related to Vaccination', 'CV1', 'Create User Profile', 'Send Volunteer Registration Mail']"
1704923815,2117023661,Health Insurance Policy Activities GSI,"['Agent Search', 'First Aggregation Output', 'First Aggregation', 'Policy Activities DB', 'IDgeneratorfor policy']"
1704923815,5015050041,Explore Instamojo GSI,"['Payment Url1', 'Payer details', 'Get instamojo payment details Reserved CU', 'Transaction Details']"
5016701164,5341818053,Tech News,"['UTN1', 'Write a Note Daily News', 'View Daily News', 'TN1', 'Admin Home Page Tech News', 'Search News to Update', 'Tech News Home Page', 'User Home Page Tech News', 'Update Tech Daily News', 'Search News By Date', 'Daily Tech News', 'ATN1']"
3684685582,895771427612,Female Health Tracker,"['Send Email Reserved CU', 'View User Profile', 'User Home Page Female Health Tracker', 'Send Reg Mail', 'Your Notes', 'search reserved cu', 'Existing_User Login', 'YN1', 'Write a note', 'Create User Profile', 'View your Notes', 'Female Health Tracker Home Page', 'FHT1', 'FHT3']"
3214618513,2977952493,Community Development V1,"['FoodDetails', 'Send Email Reserved CU', 'Help', 'WelcomePage', 'SearchName', 'DonateFood', 'ChooseYourAction', 'SearchNGO', 'ChoosenNGO', 'Raise Help', 'DisplayNGO', 'Learn']"
1981736914,-618188781,Policy Renewal,"['Payment For Renewal', 'NSL_smsReservedCu', 'Grace Period Renewal', 'NSL_emailReservedCu', 'Display Renewal Amount', 'Rebate Caculation', 'Rebate cal CU']"
4617660863,1319512938402,SearchAuditWebex,"['DisplayCU', 'search reserved cu', 'Displaycu', 'Choose type of Audit head', 'Audit director', 'Auditee SPOC', 'Auditee head option']"
5387065718,5622852538,DoctorPet,"['AppointmentDetails', 'Confirmpayment', 'Paynow', 'Get instamojo payment details Reserved CU', 'Welcome user', 'Showurl', 'Consultationdetails', 'Selfhelp', 'Send Email Reserved CU', 'Card Payment ', 'Search pincode ', 'Getpaymentdetails', 'Register Student', 'Displaydoc', 'Search Docid', 'Consultation ', 'Selfhelpvideos', 'Login ', 'Display consultant details', 'Online payment', 'YourPetDetails', 'SendConfirmation', 'BookingConfirmation']"
-2090381386,2282161052,NewCustomerMaster,"['EnterBillingDetails', 'EnterShippingDetails', 'generateCustomerID', 'New Customer Details', 'RecordCustomerDetails']"
6374866311,1016912121947,Quiz Master Piscina,"['ChooseCriterias_QMP', 'Login_QMP', 'UserIDGenerator_QMP', 'ViewLeaderboard_QMP', 'Passmachine_QMP', 'SNA2', 'search reserved cu', 'StoreUserscoredetails_QMP', 'create reserved cu', 'SNA1', 'SelectNextAction_QMP']"
4617660863,6246401304,Organization Set up for Roles,"['Send Email Reserved CU', 'SMS Backend 7', 'Generate mail for Users', 'HTML Backend 7', 'Set up Access for Users', 'Send sms Reserved CU']"
4617660863,3843372807,Issue and CAPA Auditee Action,"['Resolve Issue and CAPA 02', 'Search Issue CAPA database', 'search spoc details', 'Send Email Reserved CU', 'Trigger back to Auditor 2505', 'ID for resolve issue and capa', 'search audit plan 900 0706', 'Resolve Issue and CAPA 01', 'richtml', 'Reslove issue and capa Database', 'Connector Issue and capa database', 'Resolve Issue and CAPA 03', 'htmlent900']"
1633424829,5450989647,Dispatch Notification and Generate Dispatch documents,"['CaptureInvoiceAggregatedDetails', 'EnternotificationinputForInvoice', 'TotalValueWithTaxAggregation', 'Send Push Notification Reserved CU', 'GenerateChallanTemplateForInternal', 'EnternotificationinputForChallan', 'TotalPriceAggregationInput', 'GenerateInvoiceTemplateForCustomer', 'GenerateChallanTemplateForCustomer', 'Generates Challan Sales Order ID', 'Enter Sales Order ChallanDetails', 'GenerateInvoiceTemplateForInternal', 'RegisterChallanDetails', 'Send Email Reserved CU', 'TotalValueWithTaxAggregationInput', 'TotalPriceAggregation']"
-235533008,5456271666,Fixed_Asset_Management,"['fixedAssetcategory', 'tangibleAssets', 'GRNDetails', 'intangibleAssets', 'capitalWorkInProgress', 'FixedAssetMasterEntry', 'Search GRN no', 'intangibleAssetsUnderDevelopment']"
-1731124370,-771928544,Health Insurance Buy Quote Policy,"['Policy Doc Issuance', 'netbanking Payment', 'New Enrollment', 'proposer Info', 'Supporting pdf CU', 'Coverage Selection', 'Submit Enrollment', 'view Premium Summary', 'Reconfirm the details for product recommendations', 'Policy Doc Generation CU', 'Policy Doc Hyperlink Generation', 'nominee Submission', 'card Payment', 'policy Purchase', 'payment Confirmation']"
4617660863,6406744170,Audit director approval,"['Search PPP Issue and CAPA database', 'HTMLAPPPDIRECTOR', 'Select Checklist for Approval', 'HTMLCONNECTOR CUOSFA', 'HTMLDPPPDIRECTOR', 'search spoc details', 'OS Disapproval Scenario', 'HTMLAPPPAUDITOR', 'search audit plan 900 0706', 'OS Approval Scenario', 'Search Approval Organizational Security Database', 'HTMLOSFAUDITEE', 'HTMLDPPPAUDITOR', 'Final Approval of Public Procurement Procedure Checklist', 'HTMLAUDITOR osfd', 'HTMLAUDITEE osfd', 'HTMLOSFAUDITOR', 'PPP Approve Scenario', 'HTMLAUDITDIRECTOR osfd', 'Final Approval of Organizational Security Checklist', 'Enter Approve ID', 'Search Approval Public Procurement Procedure', 'PPP Disapprove Scenario', 'Send Email Reserved CU', 'Search OS database', 'Search PPP Resolve Database']"
1158706724445,832221781280,NSL Insurance Quote Management,"['Decimal Output', 'User Access', 'Automatic Path CU', 'Welcome Page', 'Calculator CU', 'Request Reject Path', 'Mac ID Connector CU', 'Mac Connector CU', 'Parameter Avg Weights', 'VID Generator CU', 'Health Risk Assess', 'search reserved cu', 'Manual Underwriter Path', 'NSL Decimal Number Functions', 'Final Risk Output CU', 'Decimal Input', 'Risk Assessment Mandate']"
1265660548,53210586,Register Challan and Invoice Details,"['Select PO Status', 'Capture Invoice Details', 'Enter PO Number', 'Invoice Master Details', 'Capture Challan Details', 'Search for Vendor Details']"
4872940652,4273200938,Update My Property Status,"['Send Email Reserved CU', 'Enter your Property Details', 'MCUSearchProperty', 'Update Your Property Details', 'MCUEmailPropertyDetailsUpdate']"
-644060957,-682182438,Policy_Reinstatement,"['Reinstatement_DB', 'NSL_emailReservedCu', 'Send whatsapp message Reserved CU', 'NSL_smsReservedCu', 'Transaction for reinstatement', 'Sending email about lapsed policy']"
4872940652,3768701391,Enter Property Ownership Details,"['ACUsupportone', 'Owner ID and Property ID', 'Select Business Type', 'Update Property Address', 'Enter Corporation Details ', 'Create Owner Master Data  ', 'ACUsupporttwo', 'Property ID Creation', 'Create Owner ID', 'Enter Owner Details', 'Assign Corporation ID']"
1981736914,-244821888,healthinsurancepolicyrewrite,"['CCE Sends Payment Detail To Customer_2', 'Debit Card Payments_2', 'NSL_smsReservedCu', 'Rewrite Intiation_2', 'CCE receives request from customer_2', 'NSL_emailReservedCu', 'Send whatsapp message Reserved CU', 'Sms Confirmation After Payment_2', 'Customer Makes Payment_2']"
4872940652,5607376333,Assign Audit Focus Area,"['SearchTeamDetails', 'DisplayChecklists', 'Select Auditor', 'SearchChecklist', 'MCUUpdateAuditAssignmentData', 'MCUEmail', 'Enter Audit ID', 'Assign Checklist', 'UpdateInfoMCU', 'Assign Another Checklist', 'Send Email Reserved CU', 'Unassigned ChecklistSearch', 'UpdateChecklistStatus', 'AuditPlan Search']"
4695042311,5917626324,Product Selling Online,"['Machine SignIn', 'MassageSignIn', 'Select_location', 'whatsapp', 'PSO2', 'Machine SignUp', 'Viewproductdetails', 'Displayproductdetails', 'User_type', 'Customer Details RS', 'Responsedata', 'Search product', 'Send whatsapp message Reserved CU', 'LoginOptions', 'Go Back or Exit', 'PSO1', 'AutoIDGenerator', 'Seller RC', 'MassageSignUp']"
4617660863,2553800590,Audit Initiation Phase,"['Update your Audit Plan', 'Login Details', 'Push Notification Backend 2', 'FA1', 'Send sms Reserved CU', 'Send Email Reserved CU', 'LS2', 'SMS backend 2', 'Log In', 'HTML backend 2', 'Search WIP Audit Plan', 'Send Push Notification Reserved CU', 'HTML Backend 5', 'Select Further Action', 'Verify Backend', 'Generate Updated HTML mail to Director', 'FA2', 'Search Previous Plan', 'Push Notification Backend', 'LS1', 'HTML Backend 4', 'FA3', 'HTML backend', 'Generate HTML audit plan to auditor', 'Login or Signup', 'Sign up details', 'generate updated plan to auditor', 'Generate HTML mail to Director', 'Generate an Audit ID', 'SMS backend', 'Create an Audit Plan']"
-2086293921,6101574565,Disaster_Management,"['HelplineSearch', 'HelplineView', 'FireProtocols', 'EarthquakeProtocols', 'DisasterProtocols', 'Whatsapp', 'ResponseDisaster', 'FloodProtocols', 'DisasterManagement', 'HelpLine', 'Send whatsapp message Reserved CU', 'BeingPrepared']"
6042178968,1044884503856,Woman Wellness App,"['Create User Profile', 'Send Reg Mail', 'w3', 'w1', 'Existing_User Login', 'View your uploaded videos', 'w5', 'Send Email Reserved CU', 'View User Profile', 'w2', 'Search your uploads', 'w4', 'User Home Page', 'View the wellness videos', 'Wellness Videos', 'Search wellness videos', 'Home Page Woman Wellness']"
2308655686,5505138918,SilentLens,"['Whatsapp', 'ContactSearch', 'MachineAddContacts', 'ViewProfile', 'LensSearch', 'ContactUpdate', 'MachineUpdateInfo', 'MachineFamily', 'Send whatsapp message Reserved CU', 'MachineInform', 'WelcomeLens']"
810210922311,3554600762,Donate Fund,"['Enter 2104', 'Show 2104', 'Select Cause ', 'Login Donate', 'URL 2104', 'Get instamojo payment details Reserved CU']"
-1731124370,-1208472134,Health Insurance Policy Buy Quote,"['Policy Doc Issuance', 'netbanking Payment', 'New Enrollment', 'proposer Info', 'Supporting pdf CU', 'Coverage Selection', 'Submit Enrollment', 'view Premium Summary', 'Reconfirm the details for product recommendations', 'Policy Doc Generation CU', 'Policy Doc Hyperlink Generation', 'nominee Submission', 'card Payment', 'policy Purchase', 'payment Confirmation']"
5387065718,5049065978,Relax Lite_stress relief app,"['Insights on stress relief', 'RR1', 'Login Credentials', 'Practices of peaceful mind', 'Go Back or Exit', 'RR3', 'RR2', 'Relax through music', 'Relax Life']"
1704923815,264469543,Insurance Metrics GSI,"['Tsupporter', 'Search Monthly Average Premium', 'Quarterly Metrics Data', 'Show The Metrics Data']"
1704923815,662444856,Employee Task Allocation Through RR,"['Algorithm CU', 'Task Final Confirmation', 'Employee Selection', 'Employee Task Allocation']"
1981736914,809575400,PolicyrewriteV8,"['CCE Sends Payment Detail To Customer_2', 'Debit Card Payments_2', 'NSL_smsReservedCu', 'Rewrite Intiation_2', 'CCE receives request from customer_2', 'NSL_emailReservedCu', 'Send whatsapp message Reserved CU', 'Sms Confirmation After Payment_2', 'Customer Makes Payment_2']"
-1430105756,-1992628424,Customer_policy reinstatement,"['Payment by debit card_', 'NSL_smsReservedCu', 'Payment by credit card_', 'NSL_emailReservedCu', 'Send whatsapp message Reserved CU']"
-2086293921,3901305920,Solve the Riddles,"['Question database Beginner', 'Score calculation', 'Intermediate Level', 'Beginner score', 'Beginner Score', 'Beginscore', 'DisplayScore', 'Welcome to Quiz ', 'Beginner level', 'Question database Intermediate', 'calculate my score', 'BeginScore', 'Login ', 'Begin score']"
756132957,924683286,Record Order Receipt Details,"['Enter Purchase Order Input', 'Generate Sales Order Number', 'Generate order receipt confirmation customer email content', 'Send Email Reserved CU', 'Enter product details of Purchase Order', 'Enter notification input for order receipt', 'Send Push Notification Reserved CU', 'Search Customer Details', 'Generate sales order generation internal email content']"
4872940652,6324581523,Search Properties,"['MCU Search Property', 'Welcome to NSL Real Estate', 'Note your  Customer ID', 'To continue please select', 'Tell us your preference', 'We found these properties for you', 'MCU Buyer ID']"
1981736914,-1522396988,customerrenewal_v6,"['NSL_emailReservedCu', 'Grace Period Renewal', 'NSL_smsReservedCu', 'Payment For Renewal']"
2613281383,4320378004,BP Tracker User Profile,"['Homepage_BT', 'BT3', 'BP Tracker Log', 'search db BP tracker', 'BT2', 'BT1', 'Login CU', 'BP tracker log output', 'Average BP']"
4872940652,2468880196,Dashboard for Checklist,"['MCUActualHours', 'AggregateActualHours', 'AggregateBudgetHours', 'Review Totals', 'AggregateActualTravelExp', 'MCUActualTravelExpense', 'MCUBudgetHours', 'MCUVariance', 'MCUTravelBudget', 'Enter Audit Details', 'View Summary of Metrics', 'AggregateTravelBudget']"
3579802387,6171758282,Save recipe video,"['Save recipe video link', 'Search saved video link', 'View written Down recipe', 'View saved searched video links']"
4939246996,5070646824,Nanny dot com,"['Paymentoption', 'Confirmpayment', 'Get instamojo payment details Reserved CU', 'Calculation of amount', 'Showurl', 'Display Nanny ', 'Welcome ', 'Adddetails', 'NSL_smsReservedCu', 'Cashpayment', 'Getpaymentdetails', 'InstaMojo', 'Amount due', 'Search Nanny ', 'Login ']"
3646576061,136016272607,Manage Certificates,"['Welcome Page', 'C1', 'Home Page', 'C2', 'Add File', 'Search File', 'View File']"
1473511863195,1162932211132,Compute EOQ,"['search reserved cu', 'CalculateEoqFor', 'EnterItemNameDetails', 'NSL Decimal Number Functions', 'ProceedToSearchWithProductName', 'InputForEoq', 'InputEoq', 'DisplayEoq', 'AggregateEoq', 'ProceedToSearchWithItemName', 'EnterProductName']"
4617660863,5184559926,Organizational Security Approval by AD,"['search audit plan 900 0706', 'HTMLCONNECTOR CUOSFA', 'search spoc details', 'OS Disapproval Scenario', 'OS Approval Scenario', 'HTMLOSFAUDITEE', 'HTMLAUDITOR osfd', 'HTMLOSFAUDITOR', 'HTMLAUDITEE osfd', 'Final Approval of Organizational Security Checklist', 'HTMLAUDITDIRECTOR osfd', 'Send Email Reserved CU', 'Search OS database', 'Search Approval Organizational Security Database']"
1633424829,5336143483,Dispatch Item,"['Search Storage Details', 'Select Item to Dispatch', 'Check for Reorder', 'Update Storage Details 2903', 'Compute Reorder Decision 2903', 'Search ProductDetails', 'Display Details and Confirm Dispatch']"
-2086293921,3414353693,Quiz Template V1,"['Search Badge and Score', 'View Leaderboard', 'Pass Value', 'Select Quiz Criteria', 'Display_Badge', 'Store Result', 'Search Leaderboard Results', 'Log In CU', 'User ID machine generator']"
4617660863,362264711369,Review Issue And CAPA,"['ID for Issue and CAPA approval', 'Search Resolve database', 'Issue and CAPA Approval Database', 'HTML AUDITOR', 'HTML CU', 'HTML AUDIT DIRECTOR', 'Send Email Reserved CU', 'search audit plan 900 0706', 'Approve Issue and CAPA']"
1103439820432,2811274455,Display Production details,"['Enter Production ID for Machine Details', 'View Dispatch Status', 'View All Details', 'View Machine Details', 'View Task Details', 'Enter Production ID for Process Details', 'Enter Production ID for Task Details', 'View Production Details', 'Select Production ID', 'Enter Production ID Dispatch Status of Raw Material', 'search reserved cu', 'Enter Product ID for BOM Details', 'View BOM Details', 'View Process Details', 'Getting Production Details']"
-1560122000,500640418,HealthInsurance PolicyCancellation,"['customerlibrary2', 'Cancellationsubmission', 'CCEsupportforcancellation', 'Cancelinitiation1', 'NSL_emailReservedCu', 'Requestonhold', 'CSRsupport']"
1869112909622,1732457042993,send email sms 922,"['capture email922', 'Send Email Reserved CU', 'capture mobile cu 922', 'Send sms Reserved CU']"
6374866311,27126400338,Quiz_Main,"['Action_Quiz', 'LoginQuiz', 'Action1', 'SelectCriteriasQuiz', 'DisplayQuizResult', 'Action2', 'DisplayLeaderboard', 'CreateQuizUserID', 'search reserved cu', 'StoreQuizIDandScore', 'create reserved cu', 'DisplayFinal0809']"
4872940652,2959024504,Update Property Verification Status,"['MCUUpdateDummy', 'Update Verification Status', 'MCU Search Unverified', 'Enter Property ID', 'FunctionalMCUConsolidate']"
-2086293921,4108319308,Ready Set Go,"['Welcome to ReadySetGo', 'Exit Learning', 'Watch Learning Videos', 'Enter user login', 'Learn Beginner ', 'ChooseYourNextStep', 'Read', 'Learninginfo']"
1704923815,1889437429,Logic Linear Regression,"['Gender Finder CU', 'Smoking Category Finder CU', 'Premium Payment Calculator', 'Region Finder CU', 'Summation CU', 'End Premium Display', 'Default Weights CU']"
-644060957,-1586212867,Customer_Reinstatement,"['NSL_emailReservedCu', 'Payment by debit card_', 'NSL_smsReservedCu', 'Payment by credit card_']"
-2090381386,5306759927,Process Master,"['Search by Product Name', 'Adding Process', 'Search by Product ID', 'Select Product Search Criteria', 'Generate Process ID']"
756132957,4266255696,ItemMaster,"['NewitemDetails', 'Record Item Details', 'itemIdGenerator', 'NSL DateTime Functions']"
-235533008,887903044,Solution for Share Application,"['Capture Share Application Details', 'Share Application Email Template', 'Send Email Reserved CU', 'View Share Application Solution Summary', 'Upload Share Application documents', 'NSL_PancardReservedCU']"
677977564,4787060046,AccountingEntryfor_FixedAssets,"['Create Credit Ledger Entry', 'Create debit ledger entry', 'Display Asset details', 'Search Asset COA', 'Search WIP', 'Search Asset Id']"
1981736914,1858451861,policy_rewrite,"['CCE Sends Payment Detail To Customer_2', 'Email Confirmation After Payment_2', 'Debit Card Payments_2', 'NSL_smsReservedCu', 'Rewrite Intiation_2', 'CCE receives request from customer_2', 'NSL_emailReservedCu', 'Send whatsapp message Reserved CU', 'Sms Confirmation After Payment_2', 'Customer Makes Payment_2']"
4872940652,2411620085,Create Org Structure,"['Org Structure Status', 'Display Org ID', 'CreateOrgID', 'Enter Parent Org Details', 'StatusApprovalAuto']"
-2086293921,3604701839,SignLanguageApp,"['SignAltM1', 'Tips for Communicating with hearing loss people', 'SignAltM2', 'SignAltM3', 'ChooseActionType']"
-57925665,-1975990887,Appointment Booking Logic GSI 2,"['NSL String Functions', 'SearchBookings', 'DisplayStatus', 'supportingunit']"
1860005524710,2111081361631,Compound Interest GSI,"['Mac CI CU3', 'Mac CI CU2', 'Compound Interest CU', 'NSL Decimal Number Functions', 'View Compound Interest', 'Mac CI CU1']"
2908930494,4125898777,Pyra_Employer,"['SearchSuggestions', 'DiaryThankyou', 'PyraLogin', 'ReviewSuggestions']"
5564071417,2212221105,Carousell_Embedded,"['Image of products', 'Choose Household products', 'AutoID_0405', 'search_405', 'IP1', 'Display products_0405', 'Choose miscellaneous products', 'IP3', 'Store transaction_0405', 'IP4', 'Choose clothing products', 'Choose footwear products', 'IP2', 'search_2_0405', 'Add or exit_0405']"
1981736914,-222885996,rewrite v10,"['CCE Sends Payment Detail To Customer_2', 'NSL_smsReservedCu', 'Rewrite Intiation_2', 'CCE receives request from customer_2', 'NSL_emailReservedCu', 'Sms Confirmation After Payment_2', 'Customer Makes Payment_2', 'Debit Card Payments_2']"
-2090381386,2883900585,Modify Product Details,"['Generate Revision Number', 'Search by Product Name', 'Search by Product ID', 'Update Product Details', 'Select Product Search Criteria']"
-2090381386,5609065510,CustomerMasterModify,"['BeginSearchWithProductID', 'modifyCustomerDtailsCriteria', 'searchCustomerWithName', 'searchCustomerWithID', 'BeginSearchWithCustomerName', 'UpdateCustomerDetailsWithName', 'recordCustomerDetails', 'UpdateRevisionCountbyName', 'UpdateCustomerDetailsWithID']"
4617660863,1734552558169,Draft Audit Report,"['search reserved cu', 'Search Audit ID 3006', 'Date and Place', 'Generate Audit Report ID 3006', 'Send Email Reserved CU', 'Audit Opinion', 'Display response', 'View draft Report', 'HTML IAR', 'Key Audit Matters', 'Create Audit Report Database', 'NSL Template Report', 'Generate Draft pdf', 'Auditee and Auditor Information', 'HTML Temp']"
-2011960269,89090120,Report Generation Final 271120,"['Plan details search 241120', 'Auditor Check 1 search 241120', 'Send Email Reserved CU', 'Spoc Search 241120']"
756132957,5913693082,Order Fulfillment Notification,"['Generate Dispatch request email content', 'EnterNotificationInputForDispatchRequest', 'Send Email Reserved CU', 'Send Push Notification Reserved CU', 'SearchSalesOrderDetails', 'Update Sales OrderStatus', 'UpdateSalesOrderStatusInput']"
-644060957,1422264817,CUstomer REwrite,"['Debit Card Payments_2', 'Send whatsapp message Reserved CU', 'Sms Confirmation After Payment_2', 'Customer Makes Payment_2', 'Rewrite Intiation_2', 'NSL_emailReservedCu', 'CCE receives request from customer_2', 'CCE Sends Payment Detail To Customer_2', 'NSL_smsReservedCu']"
-644060957,698380002,CustomerRewritePolicy,"['Debit Card Payments_2', 'Sms Confirmation After Payment_2', 'Customer Makes Payment_2', 'Rewrite Intiation_2', 'NSL_emailReservedCu', 'CCE receives request from customer_2', 'CCE Sends Payment Detail To Customer_2', 'NSL_smsReservedCu']"
5236398333,5980594290,AddToCartMA,"['OrderIdMA', 'SearchItemMA', 'SearchFilterMA', 'ProductSearchMA', 'ReviewSearchMA']"
3684685582,3895570715,Track your Menstruation Cycle,"['View date', 'Input Start Date', 'Track your Menstruation Cycle', 'Track your periods', 'ISTmachine', 'Search previous Dates', 'TYMC1', 'View Previous Dates', 'NSL DateTime Functions']"
-2086293921,3423513744,Guide to Flora,"['Water and Soil', 'Enter user login', 'Life Span', 'SelectAction', 'YourPlant', 'Classification', 'OnBasisOf', 'SearchYourPlant']"
756132957,4696826031,Order Fulfilment By Farmers,"['Generationof PO Number', 'Enter Notification input for informing farmers', 'ReportFor FarmersList', 'Adding Farmers for orderFulfilment', 'Capturing orderdetails', 'Enter CropDetails']"
1981736914,-1343367177,Customer Portal GSI,"['Customer Accessing Portal', 'CustomerProfile_', 'Intiatecallback_', 'CustomerHelpDesk_', 'Customer Buys Quote', 'ProvidingServicesToCustomer', 'Customer Pays Premium', 'Auto Pay Registration', 'Customer Menu Options']"
-2086293921,5232952759,Potterhead Wars Patronum,"['PHWA_searchmach3', 'alternatemach02', 'PHWA_searchmach5', 'PHWA_searchmach4', 'Initiate Quiz', 'PHWA_searchmach1', 'PHWB_searchmach3', 'PHWP_searchmach5', 'PROquizanswers', 'PHWP_searchmach1', 'PHWP_searchmach4', 'alternatemach01', 'PHWB_searchmach1', 'Badgeobtainedandscore', 'Selectlevelofdifficulty', 'DisplayPROMachine', 'PHWA_searchmach2', 'PHWB_searchmach4', 'PHWB_question2search', 'PROpool', 'BeginnersPool', 'Advancedquizanswers', 'Beginnersquizanswers', 'Displayanswers', 'Badgesearchmachine', 'DisplayAdvancedMachine', 'PHWB_machsearch5', 'PHWP_searchmach2', 'PHWP_searchmach3', 'AdvancedPool', 'alternatemach03']"
4617660863,3502428950,OS Approval by AD,"['Final Approval of Organizational Security Checklist', 'HTMLOSFAUDITEE', 'OS Approval Scenario', 'HTMLAUDITOR osfd', 'HTMLCONNECTOR CUOSFA', 'search spoc details', 'OS Disapproval Scenario', 'Search Approval Organizational Security Database', 'Send Email Reserved CU', 'Search OS database', 'search audit plan 900 0706', 'HTMLOSFAUDITOR', 'HTMLAUDITEE osfd', 'HTMLAUDITDIRECTOR osfd']"
4617660863,3814218838,Update Issue Capa for Public procurement procedure,"['Send Email Reserved CU', 'search audit plan 900 0706', 'HTMLAUDITORUPDATE', 'Update Issue and CAPA database', 'HTML UPDATE CU', 'Search Public Procurement Procedure', 'HTMLAUDITEEUPDATE', 'search spoc details']"
903612356092,1296118904919,payment gateway mojo8921,"['Get instamojo payment details Reserved CU', 'show status8921', 'show URL', 'Payment details8921']"
2299233443,6213461575,Weight tracker,"['Workout or Not', 'View your weight history', 'Weight Database History', 'see your progress', 'Weight history display', 'AA', 'Login Credentials', 'AB', 'calorie database']"
1473511863195,966500134248,Compute Inventory Carrying Cost,"['Display Product Records', 'Search For Product Category', 'search reserved cu', 'Select Option', 'ProceedForProduct', 'Display Inventory Carrying Cost', 'Select Product Option', 'Display Item Records', 'Search For Item Category', 'ProccedForItem', 'Select Item Option']"
4320128453,5404262986,GreenIT,"['ResponseDisaster', 'TrafficSearch', 'MachineSignUp', 'ReportMunUpdate', 'TrafficReportUpdate', 'WelcomeG', 'MachineMuncipality', 'MachineFire', 'ViewFireReport', 'ViewMuncipalityReport', 'DiaryLogin', 'GSignup', 'Whatsapp', 'MachineTraffic', 'MuncipalitySearch', 'ViewTrafficReport', 'Gsignin', 'MachineSignIn', 'FireSearch', 'Send whatsapp message Reserved CU', 'FireReportUpdate']"
5387065718,3992465547,Career Help Advice,"['SIA2', 'Sample Interview Answers', 'Login CU', 'FAQ', 'Submit Answer', 'Thankyou page', 'Tips and Tricks', 'View Answer', 'Display Answer', 'HR Interview', 'SIA1', 'Select_CHA']"
1981736914,1180600477,customer_rewrite1,"['CCE Sends Payment Detail To Customer_2', 'NSL_smsReservedCu', 'Rewrite Intiation_2', 'CCE receives request from customer_2', 'NSL_emailReservedCu', 'Sms Confirmation After Payment_2', 'Customer Makes Payment_2', 'Debit Card Payments_2']"
-2086293921,5901957322,GroGarden,"['Go Garden Notes', 'WriteorViewnotes', 'Know about plants', 'ViewNotes', 'GG2', 'GG1', 'Know about plant varieties', 'Growmore', 'Search from plant', 'Welcome_Page']"
1981736914,1667623732,insuree books appointment,"['Booking confirmation through sms', 'NSL_smsReservedCu', 'Send whatsapp message Reserved CU', 'NSL_emailReservedCu']"
1099874251842,1632239723531,IN P IN R 2309,"['NSL HTML Template', 'htmlbackend2309', 'input pass 2309', 'DisplayHtml']"
-644060957,-199024744,CustomerReinstatement,"['Payment by credit card_', 'NSL_emailReservedCu', 'NSL_smsReservedCu', 'Payment by debit card_']"
4617660863,1321313315548,Master Database of Audit Management,"['NSL DateTime Functions', 'search reserved cu', 'create reserved cu', 'Actual Audit days']"
903612356092,1994488488922,student_database8921,"['view student details8921', 'search student details 8921', 'update reserved cu', 'create student details8921']"
1860005524710,1158953376268,Discount Calculator,"['DC CU1', 'Discount Calculator CU', 'DC CU2', 'View Discount']"
4617660863,5275794335,Process Control Checklist01 Issue and Capa,"['Issue And CAPA for Public procurement procedure 02', 'ID for issue and capa database', 'Trigger Issue CAPA 01', 'Send Email Reserved CU', 'connecter database CU', 'Issue And CAPA for Public procurement procedure 01', 'search database of PPP', 'Database of PCC PPP Issue and CAPA', 'htmlmailcu0806', 'Issue And CAPA for Public procurement procedure 03', 'html900806']"
1981736914,-1044263652,customerReinstatement,"['NSL_emailReservedCu', 'Send whatsapp message Reserved CU', 'Payment by debit card_', 'NSL_smsReservedCu', 'Payment by credit card_']"
1981736914,-501025865,policyrewtiteV9,"['CCE Sends Payment Detail To Customer_2', 'Debit Card Payments_2', 'NSL_smsReservedCu', 'Rewrite Intiation_2', 'NSL_emailReservedCu', 'Send whatsapp message Reserved CU', 'Sms Confirmation After Payment_2', 'Customer Makes Payment_2']"
1981736914,-2134529122,policyrenewal_1,"['NSL_smsReservedCu', 'Grace Period Renewal', 'Payment For Renewal', 'NSL_emailReservedCu']"
5440122806,2758009106,MyCanteenMenu_Admin,"['search reserved cu', 'MachineNo', 'CanteenSignUp', 'DiaryThankyou', 'MachineSignUp', 'Welcome', 'MachineYes', 'MachineSignIn', 'Login', 'PreviousMenu']"
1860005524710,1490089321317,Amortization Calculator GSI,"['NSL Decimal Number Functions', 'Mac AC CU2', 'View Payment Amount Per Period CU', 'Mac AC CU1', 'Mac AC CU4', 'Amortization Cal CU', 'Mac AC CU3']"
-644060957,383515628,Health Insurance Policy Renewal,"['Health Condition Confirmation', 'Sms Confirmation After Payment_2', 'Access Details', 'Rebate Caculation', 'save payment mode', 'Payment by debit card_', 'Sending email to renew policy', 'NSL_emailReservedCu', 'Transaction Summary', 'Display Renewal Amount', 'Payment by credit card_', 'Rebate cal CU', 'Grace Period Renewal', 'Payment For Renewal', 'NSL_smsReservedCu']"
2908930494,5025753721,PyraMain,"['MachineEmployee', 'MachineReward', 'Pyra', 'MachineEmployer']"
-235533008,2563228342,Solution for Investment Reclassification,"['Search Current investment', 'Search Non current investment', 'Display investment details', 'Reclassify Investment', 'Display Reclassfication', 'Search Investment Name', 'Create Investment ID']"
903612356092,2097195114589,GenerateQrcode1609,"['Basic CU1609', 'get details1609', 'NSL_GenerateQRCode', 'NSL String Functions', 'getcode details1609']"
5180201840,1308576807233,Generate Transaction Goods Details,"['Input Details for Transaction Goods List Reserve', 'Calculate Export Tax', 'Check Sale Type', 'Check Domestic Sale Type', 'list reserved cu', 'Compute Total Tax Value', 'Calculate Within State Tax', 'Calculate Out of State Tax', 'search reserved cu', 'Capture List of Transaction Goods Details', 'Capture Transaction Goods Details']"
4617660863,4794573580,Approve Checklist for Issue and CAPA,"['ID for Issue and CAPA approval', 'Approve Issue and CAPA 02', 'Approve Issue and CAPA 01', 'Issue and CAPA Approval Database', 'htmlaiccu1', 'Approve Issue and CAPA 03', 'Search Resolve database', 'htmlaiccu2', 'Connector Resolve Db Cu', 'htmlmailcu900', 'Send Email Reserved CU', 'Search Audit Plan 900 0706', 'Trigger to Audit director 01']"
4872940652,2927379045,Finalize Lease Agreement,"['Review Lease Agreement', 'CreateLessorAgreement', 'Sign Agreement', 'LessorPDFgeneration', 'Access Locker', 'Create PDF lessee', 'Enter Your details', 'Create Final Lease Data', 'View Lease Agreement', 'View Final Lease Agreement']"
3751601345,5909470258,ADD Spoc to Audit plan,"['Add Spoc 0706', 'htmlmailcu04', 'Send Email Reserved CU', 'Search Audit Plan 0706', 'HTML spoc mailCU', 'htmlmailcu03']"
903612356092,1875683866946,Placing an order8921,"['Order product 2 8921', 'Select product 8921', 'Order product 1 8921', 'Make payment 8921', 'Order product 3 8921']"
1704923815,1634369558,Insurance KPI Nested Measure GSI,"['Aggregation Data Transfer', 'Access Request', 'Metrics Report', 'Average Premium For Insurance']"
3751601345,6329180929,Audit HTML GSI S1,"['Clients Data HGS1', 'Clients Response HGS1', 'HTML Reserve HGS1', 'Send Email Reserved CU']"
2813090658,4687257253,Babysitter,"['Confirmpayment', 'Get instamojo payment details Reserved CU', 'Search Babysitter', 'Display Babysitter ', 'Showurl', 'Add details ', 'Amount to be cal', 'Welcome ', 'NSL_smsReservedCu', 'Total amount due', 'Cashpayment', 'Getpaymentdetails', 'InstaMojo', 'Payment Type', 'Login ']"
-644060957,-1363723113,reinstatement_customer,"['Payment by credit card_', 'NSL_smsReservedCu', 'Payment by debit card_', 'NSL_emailReservedCu']"
1398204529495,796655936526,Bill payment 2,"['Get instamojo payment details Reserved CU', 'Bill Payment Home Page', 'show 2994', 'URL 2994', 'Login Bill Payment', 'Enter 2994']"
570940159782,872582505753,generatecode_0510,"['cudetails_0510', 'NSL_GenerateQRCode', 'getcodedetails_0510', 'getdetails_0510', 'NSL String Functions']"
4617660863,333024867021,Update Organizational Security Checklist,"['HTMLUPDATEOS', 'HTMLAUDITOROS', 'search spoc details', 'Search Organizational Security Database', 'HTMLAUDITEEOS', 'Send Email Reserved CU', 'search audit plan 900 0706', 'Update OS Checklist']"
4617660863,441968496062,ConsoDateTime GSI,"['Function CU', 'View Conso CU', 'NSL DateTime Functions', 'Date compilation']"
1554930992745,714841845234,Rewrite Solution,"['search reserved cu', 'NSL Decimal Number Functions', 'Final Risk Output CU', 'Decimal Input', 'Rewrite initiation', 'Decimal Output', 'Parameter Avg Weights', 'Health Risk Assess', 'Calculator CU']"
5387065718,6123857422,Fitness App,"['Choose training type', 'FA', 'FC', 'FB']"
6423252197,5407627697,MyCanteenMenu_User,"['MachineDinner', 'ViewDinnerMenu', 'MachineSignUp', 'Login', 'search reserved cu', 'ViewBreakfastMenu', 'ViewWholeDayMenu', 'ViewLunchMenu', 'MachineWholeDayMenu', 'MachineLunch', 'SearchWholeDayMenu', 'DiaryThankyou', 'Welcome', 'MenuFeedback', 'AddMenu', 'MachineSignIn', 'SearchDinnerMenu', 'SearchLunchMenu', 'CanteenSignUp', 'MachineBreakfast', 'SearchBreakfastMenu']"
3751601345,4903144206,Audit director approval for AP,"['HTML Disapproved CU', 'Search Audit Plan 0706', 'htmlmailcu01', 'Disapproved modifications', 'htmlmailcu2', 'HTML Approved CU', 'Send Email Reserved CU', 'Approval Status 2804']"
14302924869,3412831414,Taste_of_India,"['LetsStart', 'IndoreInfo', 'Delhi', 'DiaryThankyou', 'Indore', 'DelhiInfo', 'Lucknow', 'Amritsar', 'InfoLucknow', 'InfoAmritsar', 'SelectCity', 'Kolkata', 'InfoKolkata']"
4617660863,473892575273,Updating Draft Report,"['PDF for updated report', 'View Updated report', 'NSL Template Report', 'Show response', 'search reserved cu', 'HTML Machine', 'NSL HTML Template', 'Send Email Reserved CU', 'update reserved cu']"
4617660863,3727389788,Public Procurement Process of Process Control Checklist,"['html900806', 'Issue And CAPA for Public procurement procedure 02', 'ID for issue and capa database', 'Send Email Reserved CU', 'htmlmail100601', 'connecter database CU', 'Issue And CAPA for Public procurement procedure 01', 'Trigger Issue CAPA 01', 'search database of PPP', 'Database of PCC PPP Issue and CAPA', 'htmlmailcu0806', 'search spoc details', 'Issue And CAPA for Public procurement procedure 03']"
1981736914,-839507295,policyrewriteforhealthinsurance,"['CCE Sends Payment Detail To Customer_2', 'Debit Card Payments_2', 'NSL_smsReservedCu', 'Rewrite Intiation_2', 'CCE receives request from customer_2', 'NSL_emailReservedCu', 'Send whatsapp message Reserved CU', 'Sms Confirmation After Payment_2', 'Customer Makes Payment_2']"
-2011960269,1679946236,Final Audit Report Generation 251120,"['Plan details search 241120', 'Auditor Check 1 search 241120', 'Send Email Reserved CU', 'Spoc Search 241120']"
1265660548,1981480180,Register PO Details,"['Challan Master Detail', 'Generate New Item ID', 'Register New Vendor', 'Capture Invoice Details', 'Invoice Master Details', 'Generate InvoiceID', 'Register a New Item', 'Display Item Detail', 'Generate Vendor_ID', 'Enter Item Detail', 'Enter the Vendor Detail', 'Display Vendor Detail', 'Enter New Item Details', 'Capture Challan Details', 'Enter New Vendor Detail']"
1860005524710,1980720629816,Auto Loan Calculator GSI,"['Mac AL CU2', 'NSL Decimal Number Functions', 'Mac AL CU4', 'Mac AL CU1', 'Auto Loan CU', 'Mac AL CU3', 'View Auto Loan CU']"
2901311076,4101983629,AppetasView,"['Reservation', 'RestaurantContact', 'Send Email Reserved CU', 'RestaurantMenu', 'MachineGallery', 'Home_Page', 'MenuSearch', 'AboutRestaurant', 'RestaurantGallery', 'AboutSearch', 'GallerySearch', 'AppetasContactSearch', 'MachineReservation', 'MachineContact', 'MachineMenu', 'RestaurantSearch', 'RestaurantNavigation', 'AppetasEmail']"
5387065718,5039878707,Habit Tacker,"['HomePage_HT', 'HT2', 'After Log in Home Page_HT', 'HT1', 'Habit Profile_DB_v2']"
6423252197,2699731105,MyCanteenMenuAdmin,"['search reserved cu', 'MachineNo', 'CanteenSignUp', 'DiaryThankyou', 'MachineSignUp', 'Welcome', 'MachineYes', 'MachineSignIn', 'Login', 'PreviousMenu']"
-644060957,2028192638,Health Insurance Policy Reinstatement,"['Sending email about lapsed policy', 'Transaction for reinstatement', 'Payment by credit card_', 'save payment mode', 'Payment by debit card_', 'Email notification regarding reinstatement policy update', 'Reinstatement policy details', 'NSL_emailReservedCu', 'Access To Details', 'Grace Period Renewal']"
5387065718,4518511258,Family Album,"['Home Page', 'C2', 'C1', 'ViewImage', 'Welcome Page', 'SearchImage', 'AddImage']"
903612356092,1735449905798,Nested entity 8921,"['Store master 8921', 'Displaywarehousedetails8921', 'Basic cu8921', 'search reserved cu']"
3751601345,6390209563,Audit HTML GSI S2,"['Clients Response HGS1', 'Clients Data HGS1', 'HTML Reserve HGS1', 'Send Email Reserved CU']"
1099874251842,1690394149928,Checklist Receivables,"['Checklist receivables_AM', 'Receivables Checklist', 'generatechecklist_ID', 'create auditid_AM']"
1367574847903,1113195726033,WorldTravel,"['B1', 'DE1', 'SelectRerun', 'TravelDestinations', 'HowtoTravel', 'LoginCredentials', 'SelectStep', 'ResultsDisplay', 'QuizSearch', 'Q1', 'TravelQuiz']"
4320128453,4301956396,GreenDatabase,"['MachineTraffic', 'MuncipalityCreate', 'DiaryLogin', 'Message', 'TrafficCreate', 'MachineMuncipality', 'MachineFire', 'FireCreate', 'GSignup', 'Gsignin', 'WelcomeG', 'MachineSignIn', 'MachineSignUp']"
4872940652,5853575735,Capture Sub Org Details,"['MachineCUforChildOrg', 'Create More', 'search reserved cu', 'Review Sub Org Info', 'Creating Unique Sub Org Id', 'Confirm Parent Org Details', 'EmailContentChildorg', 'Send Email Reserved CU', 'Parent Org Awaiting Approval', 'create reserved cu', 'Capture Sub Org Details']"
1869112909622,1253150032638,Alternate alt 922,"['alternate2_1_922', 'alt1_922', 'alternate1_2_922', 'alternate2_922', 'alternate1_1_922', 'alternate2_2_922', 'alternate1_922']"
4836697387,6262739583,SMS_whatsApp_email_practice_ak,"['Send whatsapp message Reserved CU', 'Send Push Notification Reserved CU', 'Number_email_capturing_practice_ak', 'Send sms Reserved CU', 'Send Email Reserved CU']"
570940159782,139362343632,DBpr_0410,"['create reserved cu', 'create_0410', 'search_0410', 'search reserved cu']"
988161688029,4442596015,DearDiary,"['MachineSignUp', 'EntertainmentContent', 'DiaryEntertainment', 'DiaryNavigation', 'DiarySports', 'DiaryFeedback', 'DiaryLogin', 'TravelContent', 'DiarySignUp', 'DiaryThankyou', 'SportsContent', 'DiaryTravel', 'MachineDiaryTravel', 'MachineSignIn', 'MachineDiaryEntertainment', 'MachineDiarySports', 'DiarySignIn']"
4617660863,303921329226,PublicProcurementProcedure,"['ID Generator 900 01', 'Issue And CAPA for Public Procurement Procedure', 'search spoc details', 'HTML PPP IC 02', 'Connector HTML CU 01', 'Database of PPP IC', 'HTML PPP IC 01', 'Send Email Reserved CU', 'search audit plan 900 0706']"
-644060957,1870405206,Health Insurance Customer Portal GSI,"['Customer Menu Options', 'CustomerHelpDesk_', 'Customer Accessing Portal', 'Select payment Method', 'Booking confirmation through sms', 'Customer Pays Premium', 'Intiatecallback_', 'CustomerProfile_', 'NSL_smsReservedCu']"
4662677979,5142835741,House Help Application,"['Display provider details', 'CASH Coupon', 'CARD Coupon', 'Send Email Reserved CU', 'Provide feedback', 'L1', 'P2', 'htmlmachinegenerate', 'Request_new_service', 'generate invoice', 'View_my_transactions', 'Confirm_details', 'Storetransactiondetail', 'CASH', 'Fetch provider details', 'L3', 'L2', 'CARD', 'Choose_Action', 'Choose Service', 'Login Credentials', 'MachineCU', 'display_my_transaction', 'htmltemplatebackend', 'Auto ID', 'P1']"
1860005524710,405887282428,Area Of Triangular Plot GSI,"['NSL Decimal Number Functions', 'Mac AOT CU3', 'Mac Semi Perimeter CU', 'Area Of Triangular Plot CU', 'Mac AOT CU', 'Mac AOT CU4', 'Mac AOT CU2', 'View Area Of Triangular Plot CU']"
-2090381386,-303899395,New Product Master,"['Product Status Modify', 'Select Product Status', 'Display Product Details01', 'Generate Product ID', 'Update Product Master', 'Register a New Product', 'Enter the Product Details', 'Product Status Existing']"
6374866311,1618017947925,GardeningGSI,"['NSL HTML Template', 'Mach001', 'Mach111', 'FamilyID', 'NSL_smsReservedCu', 'Send Email Reserved CU', 'Mach333', 'Mach002', 'BasicCuHtml2309', 'AddTask2309', 'search reserved cu', 'Mach222', 'ChooseGardeningActivities', 'CreateGardenID', 'Mach555', 'update reserved cu', 'ViewToDoListActivity2309', 'Choosefromalternates', 'Mach003', 'Mach444', 'BasicCusms2309', 'GardeningTD']"
570940159782,702278997472,email_whatsapp_0610,"['Send Email Reserved CU', 'captureemail_0610', 'capturemobile_0610', 'Send whatsapp message Reserved CU']"
5387065718,1855684415488,My Account Access,"['ReviewCart', 'Contact Customer Care', 'Final Cost after Discount', 'Exchange Orders', 'create reserved cu', 'Select Action to Perform', 'Store cost', 'SearchTransactionID', 'QueryAutoIdGeneratorMA', 'ContactForm', 'View Orders Details', 'Without Discount', 'DisplayOrders', 'Discount Offered', 'Generate Email for Cancellation', 'Send Email Reserved CU', 'Canceller Orders', 'Book Products', 'search reserved cu', 'Choose Action Required', 'Cancelling Orders', 'InputAggDetails', 'Payment after Discount', 'Display Cancelled Orders', 'Aggregate Reserved CU', 'Payment via Instamojo', 'Generate Email for Customer', 'Search Orders', 'NSL HTML Template', 'FAQsMA', 'Display Final Cost', 'COD Payment', 'SubjectIdMa']"
4928333187,4615410400,User Login_Habit Tracker,"['Test Password Search_v2', 'User Log in Search', 'Password Incorrect_v2', 'User Profile Habit Tracker_DB_v3', 'Password Correct_v2']"
-235533008,5918325717,Loan Repayment Accounting,"['Search Chart of Accounts', 'Create Debit Accounting Entry', 'Search Repayment Loan ID', 'Create Credit Accounting Entry']"
1633424829,3481468334,DispatchMaterialFromStoreProcess,"['DisplayRequestDetailsAndConfirmDispatch', 'InputToUpdate Storage', 'SearchStoragedetailsToFulfill', 'UpdateSalesOrder ProductDetails', 'ExtractQuantityOfdispatch', 'GeneratePackaging Request', 'EnterSalesOrderPackagingRequest', 'AddingProductToPackaging List', 'SearchSales Order', 'UpdateSalesOrderStatus', 'UpdateSalesOrderBasic Details', 'UpdateGoods Status', 'EnterInvoice Details', 'Search CustomerDetails', 'FurtherDispatch Selection', 'AddingProductToInvoice List', 'Generate Invoice Details', 'SearchSalesOrderProduct Details']"
677977564,994170867,Accounting for Share Application,"['Search Chart of Accounts', 'Create Debit Accounting Entry', 'Search Share Application Id', 'Create Credit Accounting Entry']"
1981736914,2611859859,Generate QR code GSI,"['GetQRcode', 'NSL String Functions', 'GetQRdetails', 'QRCU1', 'NSL_GenerateQRCode']"
-235533008,3069591055,Investment Reclassification Transaction Master List Update Solution,"['Create Investment Transaction', 'Create Investment Sale Transaction', 'Create Investment Purchase Transaction', 'Search Approved Investment Reclassification ID']"
903612356092,2058763017506,payment_gateway8921,"['UPI payment8921', 'cardpayment8921', 'payment summaty8921', 'choose_payment8921']"
4872940652,3904644192,Checklist Dashboard,"['Display Checklist Inputs', 'MCUBudgetHours CU', 'Review Totals', 'MCUTravelBudget CU', 'Input for Actual Hours', 'MCUActualTravelCost CU', 'MCUVariance', 'MCUActualHours CU', 'Input for Actual Travel Cost', 'View Summary of Metrics', 'Input for Travel Budget', 'Enter Checklist Inputs']"
756132957,6370615686,RecordOrderDetails ,"['EnterCustomerName', 'Generate order receipt confirmation customer email content', 'EnterProductDetailsOfPurchaseOrder', 'Send Push Notification Reserved CU', 'ExtractLatestCustomerDetails', 'DisplayCustomerDetails', 'SearchSalesOrderProductDetails', 'Generate New Order', 'Generate Clone Order', 'ProceedToRegisterNewCustomer', 'generate sales order generation internal email content', 'Enter notification input for order receipt', 'RecordPurchaseOrderDetails', 'RecordPurchaseOrderProductDetails', 'SelectActionOnSalesOrder', 'Send Email Reserved CU', 'EnterPurchaseOrderInput', 'EnterSalesOrderNumber', 'Generate Sales Order Number']"
3375816995,4419085134,Password Generator App,"['Enter User details', 'View Result9', 'View Result5', 'AppCut', 'View Result11', 'AddVR7VR10', 'AutoDataVR12', 'NSL DateTime Functions', 'AddVR8VR9', 'View Result10', 'YearCut', 'AddVR3VR4', 'Extract Month', 'Extract Date', 'View Result2', 'View Result7', 'View Result6', 'NameCut', 'View Result1', 'AddNameApp', 'View Result3', 'Extract Year', 'NSL String Functions', 'ViewPassword', 'View Result4', 'View Result8', 'MonthCut']"
6374866311,1775465204905,Quiz_Master_Demo,"['Login_QMP', 'ChooseCriterias_QMP', 'SNA1', 'create reserved cu', 'StoreUserscoredetails_QMP', 'SelectNextAction_QMP', 'search reserved cu', 'SNA2', 'Passmachine_QMP', 'UserIDGenerator_QMP', 'ViewLeaderboard_QMP']"
-1731124370,1270002244,HI_PolicySurrender,"['selfSurrender', 'customerLogin', 'CSRsupport', 'request Confirmation']"
5564071417,3365568671,Carousell Buyer,"['Existing login_0405', 'URL_0405', 'select pick up_0405', 'Payment_0405', 'Verify display_0405', 'select type of user_0405', 'Store personal info_0405', 'Get instamojo payment details Reserved CU', 'SU1', 'Show_3_0405', 'Shipping charge_0405', 'SU2', 'Verify_0405', 'D2', 'D1', 'Self pick_0405']"
-1731124370,2024168842,Online Medical Checkup Slot Booking,"['Medical Checkup Slot Booking', 'NSL_emailReservedCu', 'User Login', 'Slot Confirmation To Customer', 'Medical Check Up Slot Book']"
